level,exit,wall_s,cpu_s,peak_ws_mb,all_bytes,driver_bytes,open_all_s,open_driver_s
1,0,182.7,218.0,355,79357941,5160400,1.49,1.17
2,0,138.6,166.2,353,79726028,5182286,1.41,1.37
3,0,176.5,212.5,357,80121516,5172573,1.67,1.11
4,0,185.7,220.8,357,80010975,5178685,1.46,1.10
5,0,160.3,192.5,348,78705031,5063237,1.35,1.10
6,0,150.8,181.4,365,77632649,4984858,1.39,1.07
7,0,177.5,212.1,349,77240407,4950181,1.37,1.09
8,0,182.7,217.7,350,76952587,4929540,1.44,1.10
9,0,186.8,221.2,351,76439675,4922655,1.41,1.08
10,0,191.2,225.5,360,76368235,4914215,1.69,1.08
11,0,189.5,223.3,350,76404847,4917766,1.38,1.08
12,0,201.7,236.9,354,76343193,4903856,1.42,1.09
13,0,214.9,248.7,365,78093149,4959065,1.35,1.08
14,0,168.7,195.1,354,76376032,4871561,1.36,1.12
15,0,270.1,303.8,357,74735652,4802655,1.40,1.08
16,0,301.2,334.9,349,74837869,4803204,1.38,1.11
17,0,498.1,527.8,363,74126495,4771114,1.41,1.12
18,0,543.8,573.2,343,73896094,4757497,1.33,1.07
19,0,742.6,769.7,355,73899127,4761240,1.79,1.43
20,0,1023.2,1042.6,347,73684237,4749555,1.42,1.11
21,0,972.4,996.7,393,73685419,4748835,1.42,1.11
22,0,1369.8,1384.7,396,73598345,4744194,1.42,1.10
